売上№,売上日,得意先ｺｰﾄﾞ,得意先名,現場名,売上分類,行№,,,,,,,,,,,,
77004,121205,48,有限会社レインボーシステムズ                    ,エクロールプラザ　電球交換                      ,電気,1,,,,,,,,,,,,
76992,121205,152,有限会社いわでん                                ,シティライフ21                                  ,防災,1,,,,,,,,,,,,
77006,121204,48,有限会社レインボーシステムズ                    ,ＭＪプラザ                                      ,電気,1,,,,,,,,,,,,
76940,121204,118,株式会社たけでん                                ,大虎運輸　院庄営業所                            ,防災,1,,,,,,,,,,,,
76993,121203,410,岡本電気                                        ,泉鋼管工事株式会社　岩出センター                ,防災,1,,,,,,,,,,,,
76927,121130,53,紀北防災                                        ,消火器処分費                                    ,防災,1,,,,,,,,,,,,
76934,121130,133,大和計装株式会社                                ,三菱電機㈱２工場                                ,電気,1,,,,,,,,,,,,
76939,121130,207,ニッタン株式会社　和歌山営業所                  ,橋本カントリークラブ改修工事                    ,防災,1,,,,,,,,,,,,
76945,121130,624,株式会社アックスプラニング                      ,アミューズ宝塚小林                              ,防災,1,,,,,,,,,,,,
76924,121130,657,株式会社プラス                                  ,よってって貴志川店                              ,防災,1,,,,,,,,,,,,
76933,121130,657,株式会社プラス                                  ,よってって貴志川店 電球交換                     ,電気,1,,,,,,,,,,,,
76935,121129,628,興紀消防メンテナンス                            ,㈱平成建機                                      ,電気,1,,,,,,,,,,,,
76994,121129,668,ルミエール　デイサービスセンター                ,FY-14UWLM3　ﾊﾞｽ換気乾燥機                       ,電気,1,,,,,,,,,,,,
76958,121128,45,株式会社アイワライフネット                      ,ル・シェル                                      ,防災,1,,,,,,,,,,,,
76985,121127,35,株式会社葵消防設備                              ,シティハイツ堀止南                              ,防災,1,,,,,,,,,,,,
76989,121127,35,株式会社葵消防設備                              ,光電式ｽﾎﾟｯﾄ型感知器2種露出　ﾎｰﾁｷ                ,防災,1,,,,,,,,,,,,
76941,121127,45,株式会社アイワライフネット                      ,パティオス　06号                                ,防災,1,,,,,,,,,,,,
76928,121127,628,興紀消防メンテナンス                            ,粉末ＡＢＣ消火器１０型                          ,防災,1,,,,,,,,,,,,
76905,121125,15,泉州防災株式会社                                ,ライオンズマンション和歌山十番丁                ,防災,1,,,,,,,,,,,,
76906,121125,15,泉州防災株式会社                                ,ライオンズマンション和歌山田中町                ,防災,1,,,,,,,,,,,,
76907,121125,15,泉州防災株式会社                                ,ライオンズマンション和歌山塩屋                  ,防災,1,,,,,,,,,,,,
76908,121125,15,泉州防災株式会社                                ,ライオンズマンション和歌山三木町                ,防災,1,,,,,,,,,,,,
76909,121125,15,泉州防災株式会社                                ,１２３初島店                                    ,防災,1,,,,,,,,,,,,
76910,121125,15,泉州防災株式会社                                ,１２３塩屋店                                    ,防災,1,,,,,,,,,,,,
76911,121125,15,泉州防災株式会社                                ,１２３はりまや橋店                              ,防災,1,,,,,,,,,,,,
76912,121125,15,泉州防災株式会社                                ,１２３川西店 スプリンクラー工事                 ,防災,1,,,,,,,,,,,,
76916,121125,15,泉州防災株式会社                                ,１２３岩岡店　テナント分                        ,防災,1,,,,,,,,,,,,
76917,121125,15,泉州防災株式会社                                ,ダイキ打田店                                    ,電気,1,,,,,,,,,,,,
76918,121125,15,泉州防災株式会社                                ,１２３摂津店                                    ,防災,1,,,,,,,,,,,,
76921,121125,15,泉州防災株式会社                                ,りんくうプレミアムアウトレット                  ,防災,1,,,,,,,,,,,,
76936,121123,266,興紀防災設備                                    ,光電式スポット型感知器２種                      ,防災,1,,,,,,,,,,,,
76937,121123,363,ＩＳＥ設計工房                                  ,トイレ換気扇　取替費共                          ,電気,1,,,,,,,,,,,,
76898,121121,15,泉州防災株式会社                                ,粉末ＡＢＣ消火器１０型                          ,防災,1,,,,,,,,,,,,
76902,121121,15,泉州防災株式会社                                ,イオン泉南シネマ棟断線修理                      ,電気,1,,,,,,,,,,,,
76777,121120,19,身体障害者授産施設小倉園                        ,消防設備保守点検                                ,防災,1,,,,,,,,,,,,
76859,121120,45,株式会社アイワライフネット                      ,ﾒｿﾞﾝﾍﾞﾙｴｰﾙ鷹匠 消防設備保守点検(機器)           ,防災,1,,,,,,,,,,,,
76860,121120,47,ビジネスイン南海                                ,消防設備保守点検                                ,防災,1,,,,,,,,,,,,
76861,121120,47,ビジネスイン南海                                ,消防設備保守点検後改修工事                      ,防災,1,,,,,,,,,,,,
76877,121120,49,株式会社堀田組                                  ,10921-338                                       ,電気,1,,,,,,,,,,,,
76862,121120,73,廣久旅館                                        ,防火対象物点検                                  ,防災,1,,,,,,,,,,,,
76896,121120,83,潮風荘                                          ,エアコン取替工事                                ,電気,1,,,,,,,,,,,,
76866,121120,152,有限会社いわでん                                ,WING岩出店増築工事（駐車場棟）                  ,電気,1,,,,,,,,,,,,
76867,121120,152,有限会社いわでん                                ,WING岩出店増築工事                              ,電気,1,,,,,,,,,,,,
76868,121120,152,有限会社いわでん                                ,SKﾊｳｼﾞﾝｸﾞ塩釜寮新築工事                         ,防災,1,,,,,,,,,,,,
76876,121120,173,有限会社赤土                                    ,三菱４工場２階                                  ,電気,1,,,,,,,,,,,,
76878,121120,191,アルプデンキ                                    ,カルフール・ド・ルポ                            ,防災,1,,,,,,,,,,,,
76901,121120,191,アルプデンキ                                    ,カルフール・ド・ルポ                            ,防災,1,,,,,,,,,,,,
76865,121120,320,明光電機株式会社                                ,かんどり保育園                                  ,防災,1,,,,,,,,,,,,
76850,121120,354,松本電気工事                                    ,五西月小学校                                    ,防災,1,,,,,,,,,,,,
76899,121120,354,松本電気工事                                    ,粉末消火器　処分費                              ,防災,1,,,,,,,,,,,,
76920,121120,378,積和不動産関西株式会社                          ,セキワステージ金池                              ,防災,1,,,,,,,,,,,,
76922,121120,378,積和不動産関西株式会社                          ,消防設備保守点検                                ,防災,1,,,,,,,,,,,,
76893,121120,433,医療法人三光会　かがやきくらぶ                  ,かがやきくらぶ　消防設備保守点検                ,防災,1,,,,,,,,,,,,
76873,121120,493,秋田クリニック                                  ,ﾃﾚﾋﾞﾄﾞｱﾎﾝ ﾜｲﾔﾚｽﾓﾆﾀｰ付 VL-SWD700KL               ,電気,1,,,,,,,,,,,,
76894,121120,582,やすらぎの郷　メゾンドシンフォニー              ,メゾンドシンフォニー　消防設備保守点検          ,防災,1,,,,,,,,,,,,
76875,121120,592,社会福祉法人一会                                ,特別養護老人ホーム　ローズ                      ,防災,1,,,,,,,,,,,,
76904,121120,599,ツカサ電気                                      ,西谷マンション　消防設備保守点検                ,防災,1,,,,,,,,,,,,
76926,121120,628,興紀消防メンテナンス                            ,粉末ＡＢＣ消火器１０型                          ,防災,1,,,,,,,,,,,,
76869,121120,679,高田産業株式会社                                ,㈱ヒオキ食品倉庫                                ,防災,1,,,,,,,,,,,,
76858,121115,45,株式会社アイワライフネット                      ,グレイス木ノ本　305号                           ,防災,1,,,,,,,,,,,,
76914,121113,15,泉州防災株式会社                                ,１２３ＣＩＴＹ和歌山店                          ,電気,1,,,,,,,,,,,,
76853,121113,45,株式会社アイワライフネット                      ,ソレアード菖蒲                                  ,防災,1,,,,,,,,,,,,
76852,121112,45,株式会社アイワライフネット                      ,エバンジェル高松Ａ・Ｂ棟　　Ａ棟202号           ,防災,1,,,,,,,,,,,,
76851,121112,131,小川電機株式会社　和歌山営業所                  ,ＭＱ－７６４９０－１                            ,電気,1,,,,,,,,,,,,
76857,121111,672,神鋼環境メンテナンス株式会社                    ,青岸クリーンセンター                            ,防災,1,,,,,,,,,,,,
76880,121109,494,新栄電気株式会社                                ,岬高等学校                                      ,防災,1,,,,,,,,,,,,
76854,121108,256,南海化学株式会社                                ,粉末ABC消火器10型（畜圧式）                     ,防災,1,,,,,,,,,,,,
76855,121106,678,日章電設                                        ,避難器具設置場所標識板                          ,防災,1,,,,,,,,,,,,
76887,121103,48,有限会社レインボーシステムズ                    ,ダイヤモンドプラザ 電球交換                     ,電気,1,,,,,,,,,,,,
76888,121103,48,有限会社レインボーシステムズ                    ,パルビル 電球交換                               ,電気,1,,,,,,,,,,,,
76889,121103,48,有限会社レインボーシステムズ                    ,エクロールプラザ　電球交換                      ,電気,1,,,,,,,,,,,,
76890,121103,48,有限会社レインボーシステムズ                    ,ワールドプラザ南海　電球交換                    ,電気,1,,,,,,,,,,,,
76871,121103,681,法テラス和歌山                                  ,御社事務所レイアウト変更                        ,電気,1,,,,,,,,,,,,
76915,121031,15,泉州防災株式会社                                ,１２３塩屋店                                    ,防災,1,,,,,,,,,,,,
76831,121031,37,株式会社阪本電気                                ,御坊調剤薬局                                    ,防災,1,,,,,,,,,,,,
76930,121031,40,三洋マリン建設株式会社                          ,エヌシー環境㈱                                  ,防災,1,,,,,,,,,,,,
76931,121031,40,三洋マリン建設株式会社                          ,南海化学                                        ,防災,1,,,,,,,,,,,,
76879,121031,77,株式会社関防                                    ,海南消防署東出張所                              ,電気,1,,,,,,,,,,,,
76838,121031,141,株式会社オーティーエル                          ,アクロス新大阪                                  ,防災,1,,,,,,,,,,,,
76839,121031,141,株式会社オーティーエル                          ,アクロス新大阪 10階・13階・14階                 ,電気,1,,,,,,,,,,,,
76840,121031,141,株式会社オーティーエル                          ,新南泰ビル　消防設備工事                        ,電気,1,,,,,,,,,,,,
76841,121031,141,株式会社オーティーエル                          ,豊中 フォレストパーク                           ,電気,1,,,,,,,,,,,,
76842,121031,259,アサカワリフォーム株式会社                      ,和歌山高校追加工事                              ,電気,1,,,,,,,,,,,,
76843,121031,259,アサカワリフォーム株式会社                      ,和歌山高校追加工事                              ,電気,1,,,,,,,,,,,,
76844,121031,259,アサカワリフォーム株式会社                      ,和歌山高校特別・普通教室棟（2期）               ,電気,1,,,,,,,,,,,,
76845,121031,259,アサカワリフォーム株式会社                      ,山下様邸　電気設備工事                          ,電気,1,,,,,,,,,,,,
76830,121031,291,株式会社　ドゥ・オペレーション                  ,ホテル　ドレッシィ                              ,防災,1,,,,,,,,,,,,
76836,121031,291,株式会社　ドゥ・オペレーション                  ,ホテル　サンローラン                            ,電気,1,,,,,,,,,,,,
76825,121031,396,大和リビング株式会社　関西支店                  ,ソワサントゥヴァレ                              ,防災,1,,,,,,,,,,,,
76826,121031,439,株式会社　三八波                                ,消防設備保守点検                                ,防災,1,,,,,,,,,,,,
76834,121031,488,株式会社市川ビル                                ,ラッチ取替                                      ,電気,1,,,,,,,,,,,,
76881,121031,494,新栄電気株式会社                                ,岬テナント                                      ,防災,1,,,,,,,,,,,,
76832,121031,628,興紀消防メンテナンス                            ,薬剤リサイクル用　空缶                          ,防災,1,,,,,,,,,,,,
76828,121031,657,株式会社プラス                                  ,よってって貴志川店                              ,防災,1,,,,,,,,,,,,
76837,121031,674,株式会社ウエブリーディング                      ,消防設備保守点検                                ,防災,1,,,,,,,,,,,,
76827,121030,45,株式会社アイワライフネット                      ,グリーンマンションⅡ　405号                     ,防災,1,,,,,,,,,,,,
76849,121030,314,和歌山市長　大橋建一                            ,青岸クリーンセンターチャッキ弁修繕              ,防災,1,,,,,,,,,,,,
76822,121029,45,株式会社アイワライフネット                      ,ホワイトハウス１号館　403号                     ,防災,1,,,,,,,,,,,,
76883,121029,184,長添電工                                        ,タカショー第２商品センター                      ,防災,1,,,,,,,,,,,,
76884,121027,292,中谷電気工事株式会社                            ,県立笠田高等学校消防設備不良箇所修繕            ,防災,1,,,,,,,,,,,,
76925,121026,40,三洋マリン建設株式会社                          ,エヌシー環境㈱水素建屋                          ,防災,1,,,,,,,,,,,,
76823,121026,45,株式会社アイワライフネット                      ,パールハイツ　201号                             ,防災,1,,,,,,,,,,,,
76778,121026,183,有限会社プラスケア                              ,グループホーム草原                              ,防災,1,,,,,,,,,,,,
76807,121025,15,泉州防災株式会社                                ,イオンモールりんくう泉南                        ,防災,1,,,,,,,,,,,,
76808,121025,15,泉州防災株式会社                                ,りんくうプレミアムアウトレット                  ,防災,1,,,,,,,,,,,,
76809,121025,15,泉州防災株式会社                                ,ライオンズマンション和歌山中松江                ,防災,1,,,,,,,,,,,,
76810,121025,15,泉州防災株式会社                                ,ＪＡ和歌山仮事務所                              ,防災,1,,,,,,,,,,,,
76811,121025,15,泉州防災株式会社                                ,１２３岡崎店                                    ,防災,1,,,,,,,,,,,,
76812,121025,15,泉州防災株式会社                                ,八尾総合病院                                    ,防災,1,,,,,,,,,,,,
76814,121025,15,泉州防災株式会社                                ,１２３上板店　設計費                            ,防災,1,,,,,,,,,,,,
76815,121025,15,泉州防災株式会社                                ,美木多小学校 自動火災報知器修理                 ,防災,1,,,,,,,,,,,,
76816,121025,15,泉州防災株式会社                                ,同志社大学　大学院新築工事                      ,防災,1,,,,,,,,,,,,
76817,121025,15,泉州防災株式会社                                ,泉大津アルザ                                    ,防災,1,,,,,,,,,,,,
76802,121024,45,株式会社アイワライフネット                      ,ソファレパークサイド　102号                     ,防災,1,,,,,,,,,,,,
76803,121024,45,株式会社アイワライフネット                      ,プリシェール三樹　102号                         ,防災,1,,,,,,,,,,,,
76804,121024,45,株式会社アイワライフネット                      ,グリーンマンションⅠ　101号                     ,防災,1,,,,,,,,,,,,
76805,121024,45,株式会社アイワライフネット                      ,グリーンマンションⅡ　402号                     ,防災,1,,,,,,,,,,,,
76806,121024,45,株式会社アイワライフネット                      ,オフィスビル21                                  ,防災,1,,,,,,,,,,,,
76885,121024,292,中谷電気工事株式会社                            ,ＪＡ岩出                                        ,防災,1,,,,,,,,,,,,
76856,121022,53,紀北防災                                        ,粉末ABC消火器10型                               ,防災,1,,,,,,,,,,,,
76763,121020,21,有限会社友里園                                  ,消防設備保守点検                                ,防災,1,,,,,,,,,,,,
76779,121020,27,有限会社南和酒店                                ,配線材料                                        ,電気,1,,,,,,,,,,,,
76780,121020,27,有限会社南和酒店                                ,ﾀﾞｲｸﾛﾊﾛｹﾞﾝ球                                    ,電気,1,,,,,,,,,,,,
76766,121020,34,有限会社高田産業                                ,下神野小学校                                    ,防災,1,,,,,,,,,,,,
76792,121020,34,有限会社高田産業                                ,聖アンナ                                        ,防災,1,,,,,,,,,,,,
76783,121020,35,株式会社葵消防設備                              ,Seria大浦街道店                                 ,防災,1,,,,,,,,,,,,
76784,121020,35,株式会社葵消防設備                              ,双子島荘                                        ,防災,1,,,,,,,,,,,,
76764,121020,36,有限会社紀州エンジニアリング                    ,Ｐホール１５　消防設備保守点検                  ,防災,1,,,,,,,,,,,,
76782,121020,38,伸和電設株式会社                                ,三菱電機㈱第６工場                              ,防災,1,,,,,,,,,,,,
76789,121020,38,伸和電設株式会社                                ,日高町中紀技能訓練センター                      ,防災,1,,,,,,,,,,,,
76772,121020,42,小笠原電気株式会社                              ,どんどん広場　消防設備保守点検                  ,防災,1,,,,,,,,,,,,
76758,121020,45,株式会社アイワライフネット                      ,メゾンクレセール　305号                         ,防災,1,,,,,,,,,,,,
76863,121020,45,株式会社アイワライフネット                      ,カサミア八幡　301号                             ,防災,1,,,,,,,,,,,,
76767,121020,48,有限会社レインボーシステムズ                    ,エクロールプラザ　電球交換                      ,防災,1,,,,,,,,,,,,
76797,121020,48,有限会社レインボーシステムズ                    ,ダイヤモンドプラザ                              ,電気,1,,,,,,,,,,,,
76798,121020,60,有限会社梶本無線商会                            ,きのくに信用金庫　本店                          ,電気,1,,,,,,,,,,,,
76790,121020,78,塩地電気工業株式会社                            ,ｋｅｉｈｏマンション                            ,防災,1,,,,,,,,,,,,
76786,121020,126,株式会社狩谷電気店                              ,和歌山病院分                                    ,電気,1,,,,,,,,,,,,
76765,121020,140,有限会社三笠屋                                  ,タムラビル　消防設備保守点検                    ,防災,1,,,,,,,,,,,,
76848,121020,149,天海                                            ,消防設備保守点検  他　再請求                    ,電気,1,,,,,,,,,,,,
76785,121020,152,有限会社いわでん                                ,箕島中学校　武道場新築工事                      ,防災,1,,,,,,,,,,,,
76775,121020,171,堀口整形外科病院                                ,消防設備保守点検                                ,防災,1,,,,,,,,,,,,
76781,121020,173,有限会社赤土                                    ,三菱電機㈱第４工場分                            ,防災,1,,,,,,,,,,,,
76793,121020,280,中筋電気商会                                    ,マクドナルド                                    ,防災,1,,,,,,,,,,,,
76847,121020,286,株式会社　東洋エンタープライズ                  ,アバローム紀の国様                              ,電気,1,,,,,,,,,,,,
76776,121020,292,中谷電気工事株式会社                            ,桜ヶ丘マンションⅠ・Ⅱ                          ,防災,1,,,,,,,,,,,,
76787,121020,301,株式会社　小池組                                ,かがやきくらぶ                                  ,電気,1,,,,,,,,,,,,
76801,121020,354,松本電気工事                                    ,処理場点検                                      ,電気,1,,,,,,,,,,,,
76821,121020,378,積和不動産関西株式会社                          ,消防設備保守点検                                ,防災,1,,,,,,,,,,,,
76788,121020,433,医療法人三光会　かがやきくらぶ                  ,ブレーカー                                      ,電気,1,,,,,,,,,,,,
76791,121020,437,株式会社　関口建設                              ,ﾋﾀﾞｶﾔ神前店　新築工事に伴う消防設備工事         ,防災,1,,,,,,,,,,,,
76756,121020,579,ＴＫＬＣ株式会社                                ,有田市各施設消防用設備等保守点検                ,防災,1,,,,,,,,,,,,
76846,121020,606,梶建                                            ,１月・５月分　避難ステッカー　他　再請求        ,電気,1,,,,,,,,,,,,
76794,121020,631,有限会社明治冷機工業所                          ,パルファンビル　地下                            ,電気,1,,,,,,,,,,,,
76795,121020,664,株式会社 まえだ住宅設備                         ,太子中学校                                      ,防災,1,,,,,,,,,,,,
76829,121019,291,株式会社　ドゥ・オペレーション                  ,ホテル　サンローラン　消防設備保守点検          ,防災,1,,,,,,,,,,,,
76757,121018,45,株式会社アイワライフネット                      ,ホワイトハウス１号館                            ,防災,1,,,,,,,,,,,,
76762,121018,45,株式会社アイワライフネット                      ,うぐいすの家　306号                             ,防災,1,,,,,,,,,,,,
76753,121016,45,株式会社アイワライフネット                      ,三葛ハイツ　201号                               ,防災,1,,,,,,,,,,,,
76754,121016,45,株式会社アイワライフネット                      ,エパンジェル高松Ａ・Ｂ棟　Ａ棟201号             ,防災,1,,,,,,,,,,,,
76755,121016,45,株式会社アイワライフネット                      ,Ｉｖｙ ｃｏｕｒｔ あら川　205号                 ,防災,1,,,,,,,,,,,,
76750,121015,71,小川電機株式会社　伊都営業所                    ,太子中学校                                      ,電気,1,,,,,,,,,,,,
76751,121015,71,小川電機株式会社　伊都営業所                    ,ＪＡ紀の里                                      ,電気,1,,,,,,,,,,,,
76752,121015,71,小川電機株式会社　伊都営業所                    ,関西医療大学　火災報知設備工事                  ,電気,1,,,,,,,,,,,,
76759,121011,45,株式会社アイワライフネット                      ,ハイツＮ川永　202号                             ,防災,1,,,,,,,,,,,,
76749,121009,325,南出建設株式会社                                ,粉末ABC消火器10型                               ,防災,1,,,,,,,,,,,,
76748,121009,670,三代目やぐら和歌山　中華そば                    ,消防設備保守点検（総合）                        ,防災,1,,,,,,,,,,,,
76760,121005,45,株式会社アイワライフネット                      ,パールハイツ　101号                             ,防災,1,,,,,,,,,,,,
76835,121005,483,株式会社アクセス                                ,アクセス総合学園 神前校                         ,電気,1,,,,,,,,,,,,
76747,121002,45,株式会社アイワライフネット                      ,セジュールあきらⅡ　111号                       ,防災,1,,,,,,,,,,,,
76745,121002,266,興紀防災設備                                    ,差動式ｽﾎﾟｯﾄ型感知器　2種（BV429211）            ,防災,1,,,,,,,,,,,,
76833,121002,438,株式会社　大野建設                              ,消火器詰替え10型                                ,防災,1,,,,,,,,,,,,
76746,121001,579,ＴＫＬＣ株式会社                                ,有田市立病院                                    ,防災,1,,,,,,,,,,,,
76724,120930,149,天海                                            ,消防設備保守点検  他　再請求                    ,防災,1,,,,,,,,,,,,
76734,120930,291,株式会社　ドゥ・オペレーション                  ,ホテル シルフ                                   ,電気,1,,,,,,,,,,,,
76744,120930,291,株式会社　ドゥ・オペレーション                  ,ホテル シルフ                                   ,電気,1,,,,,,,,,,,,
76742,120930,363,ＩＳＥ設計工房                                  ,増田内科トイレ改修工事                          ,電気,1,,,,,,,,,,,,
76743,120930,507,有限会社　西日本マインド                        ,なごみ                                          ,防災,1,,,,,,,,,,,,
76741,120930,624,株式会社アックスプラニング                      ,Ｃアミュー宝塚小林                              ,防災,1,,,,,,,,,,,,
76735,120930,628,興紀消防メンテナンス                            ,光電式ｽﾎﾟｯﾄ型煙感知器2種(ﾍﾞｰｽ共)能美製          ,防災,1,,,,,,,,,,,,
76731,120930,657,株式会社プラス                                  ,よってって阪南店                                ,防災,1,,,,,,,,,,,,
76732,120930,657,株式会社プラス                                  ,よってって貴志川店                              ,防災,1,,,,,,,,,,,,
76761,120929,45,株式会社アイワライフネット                      ,グリーンフル湯川                                ,防災,1,,,,,,,,,,,,
76728,120928,665,株式会社 モデナ                                 ,消防設備保守点検                                ,防災,1,,,,,,,,,,,,
76712,120926,45,株式会社アイワライフネット                      ,ヴィブレ大堀　503号                             ,防災,1,,,,,,,,,,,,
76703,120925,15,泉州防災株式会社                                ,ライオンズマンションリバーサイド布施屋          ,防災,1,,,,,,,,,,,,
76704,120925,15,泉州防災株式会社                                ,ライオンズマンション船戸                        ,防災,1,,,,,,,,,,,,
76705,120925,15,泉州防災株式会社                                ,Ｐ＆Ｇ                                          ,防災,1,,,,,,,,,,,,
76708,120925,15,泉州防災株式会社                                ,Ｐ＆Ｇ                                          ,防災,1,,,,,,,,,,,,
76709,120925,15,泉州防災株式会社                                ,(仮称)123松茂店増改築工事                       ,電気,1,,,,,,,,,,,,
76710,120925,15,泉州防災株式会社                                ,123松茂店　消火器追加分                         ,電気,1,,,,,,,,,,,,
76711,120925,15,泉州防災株式会社                                ,123座間店                                       ,防災,1,,,,,,,,,,,,
76716,120925,15,泉州防災株式会社                                ,ライオンズマンション和歌山十番丁                ,防災,1,,,,,,,,,,,,
76718,120925,15,泉州防災株式会社                                ,アウトレット                                    ,防災,1,,,,,,,,,,,,
76721,120925,15,泉州防災株式会社                                ,123東雲店                                       ,防災,1,,,,,,,,,,,,
76730,120925,40,三洋マリン建設株式会社                          ,清和肥料工業株式会社　和歌山工場                ,電気,1,,,,,,,,,,,,
76713,120925,45,株式会社アイワライフネット                      ,リバーコート和歌山　205号                       ,防災,1,,,,,,,,,,,,
76714,120925,45,株式会社アイワライフネット                      ,パレス島橋　203号                               ,防災,1,,,,,,,,,,,,
76715,120925,45,株式会社アイワライフネット                      ,セジュールあきらⅡ　111号                       ,防災,1,,,,,,,,,,,,
76699,120924,71,小川電機株式会社　伊都営業所                    ,６Ｂ－１９５                                    ,防災,1,,,,,,,,,,,,
76698,120924,131,小川電機株式会社　和歌山営業所                  ,赤帽直送費                                      ,電気,1,,,,,,,,,,,,
76725,120920,26,有限会社和歌浦電業                              ,5月29日　パーク建物                             ,電気,1,,,,,,,,,,,,
76668,120920,27,有限会社南和酒店                                ,ランプ交換                                      ,電気,1,,,,,,,,,,,,
76673,120920,36,有限会社紀州エンジニアリング                    ,御坊小学校                                      ,電気,1,,,,,,,,,,,,
76675,120920,37,株式会社阪本電気                                ,三和デイサービス                                ,防災,1,,,,,,,,,,,,
76666,120920,38,伸和電設株式会社                                ,8/26　三菱電機４工場２階                        ,電気,1,,,,,,,,,,,,
76661,120920,45,株式会社アイワライフネット                      ,メゾンベルエール鷹匠　　消防設備保守点検        ,防災,1,,,,,,,,,,,,
76670,120920,46,田上電機システム                                ,共栄フーズ　感知器増設                          ,防災,1,,,,,,,,,,,,
76676,120920,48,有限会社レインボーシステムズ                    ,エクロールプラザ　電球交換                      ,電気,1,,,,,,,,,,,,
76677,120920,48,有限会社レインボーシステムズ                    ,ダイヤモンドプラザ                              ,電気,1,,,,,,,,,,,,
76667,120920,49,株式会社堀田組                                  ,10921-337                                       ,電気,1,,,,,,,,,,,,
76637,120920,53,紀北防災                                        ,小川金物事務所　自動火災報知設備工事            ,電気,1,,,,,,,,,,,,
76638,120920,53,紀北防災                                        ,ニッタン　煙感知器(ベース共）                   ,電気,1,,,,,,,,,,,,
76639,120920,53,紀北防災                                        ,マルス選果場                                    ,電気,1,,,,,,,,,,,,
76674,120920,60,有限会社梶本無線商会                            ,住金ステンレスＡＯＤ休憩室                      ,電気,1,,,,,,,,,,,,
76684,120920,78,塩地電気工業株式会社                            ,Cooperetive　畑屋敷                             ,防災,1,,,,,,,,,,,,
76685,120920,132,大橋建具店                                      ,エアコン取替                                    ,電気,1,,,,,,,,,,,,
76700,120920,146,和歌山ヤナセ株式会社                            ,御社ショールーム                                ,防災,1,,,,,,,,,,,,
76669,120920,148,坂田電工                                        ,新大阪第３ドイビル                              ,電気,1,,,,,,,,,,,,
76672,120920,152,有限会社いわでん                                ,ｵﾘﾛｸ和歌山物流ｾﾝﾀｰ新築工事                      ,防災,1,,,,,,,,,,,,
76680,120920,184,長添電工                                        ,タカショー                                      ,防災,1,,,,,,,,,,,,
76681,120920,184,長添電工                                        ,タカショー中央ロジスティックセンター            ,防災,1,,,,,,,,,,,,
76665,120920,221,有限会社泰洋電機                                ,南紀福祉センター受信機データ変更                ,電気,1,,,,,,,,,,,,
76701,120920,259,アサカワリフォーム株式会社                      ,西浜中学校配膳室整備工事                        ,防災,1,,,,,,,,,,,,
76702,120920,259,アサカワリフォーム株式会社                      ,和歌山高校特別・普通教室棟（2期）               ,防災,1,,,,,,,,,,,,
76722,120920,286,株式会社　東洋エンタープライズ                  ,アバローム紀の国様                              ,防災,1,,,,,,,,,,,,
76689,120920,292,中谷電気工事株式会社                            ,ＪＡ笠田                                        ,防災,1,,,,,,,,,,,,
76671,120920,301,株式会社　小池組                                ,かがやきくらぶ                                  ,電気,1,,,,,,,,,,,,
76683,120920,325,南出建設株式会社                                ,御社　事務所                                    ,防災,1,,,,,,,,,,,,
76720,120920,378,積和不動産関西株式会社                          ,消防設備保守点検                                ,防災,1,,,,,,,,,,,,
76690,120920,404,カフェローレクス                                ,レフ電球                                        ,電気,1,,,,,,,,,,,,
76737,120920,437,株式会社　関口建設                              ,ﾋﾀﾞｶﾔ神前店　新築工事に伴う消防設備工事         ,電気,1,,,,,,,,,,,,
76686,120920,556,山東                                            ,アクセス学園                                    ,電気,1,,,,,,,,,,,,
76723,120920,606,梶建                                            ,１月・５月分　避難ステッカー　他　再請求        ,防災,1,,,,,,,,,,,,
76739,120920,625,株式会社コーセイテック                          ,熊取 弁当屋及びラーメン屋改装工事               ,電気,1,,,,,,,,,,,,
76687,120920,663,アバローム紀の国                                ,棚用転落防止金具                                ,防災,1,,,,,,,,,,,,
76688,120920,663,アバローム紀の国                                ,防災管理点検                                    ,防災,1,,,,,,,,,,,,
76692,120920,664,株式会社 まえだ住宅設備                         ,伊都ｼﾙﾊﾞｰﾊｲﾑ及びｹｱｱｲﾗﾝﾄﾞ伊都                    ,防災,1,,,,,,,,,,,,
76663,120919,656,株式会社吉永建設                                ,大阪リハビリテーション                          ,防災,1,,,,,,,,,,,,
76679,120918,35,株式会社葵消防設備                              ,差動式感知器・ドラヤキ　納品                    ,電気,1,,,,,,,,,,,,
76659,120918,45,株式会社アイワライフネット                      ,セジュール・Ｎ　102号                           ,防災,1,,,,,,,,,,,,
76656,120913,45,株式会社アイワライフネット                      ,プレジールファミリー 102号                      ,防災,1,,,,,,,,,,,,
76657,120913,45,株式会社アイワライフネット                      ,グリーンフルゆう 102号                          ,防災,1,,,,,,,,,,,,
76655,120913,71,小川電機株式会社　伊都営業所                    ,伊都ｼﾙﾊﾞｰﾊｲﾑ及びｹｱﾗﾝﾄﾞ伊都改修工事              ,防災,1,,,,,,,,,,,,
76654,120913,131,小川電機株式会社　和歌山営業所                  ,ＶＣ－５７１９                                  ,電気,1,,,,,,,,,,,,
76649,120907,314,和歌山市長　大橋建一                            ,西和佐小学校　消火器納品                        ,防災,1,,,,,,,,,,,,
76650,120907,314,和歌山市長　大橋建一                            ,和歌山市立西和佐小学校                          ,防災,1,,,,,,,,,,,,
76678,120906,35,株式会社葵消防設備                              ,セリア　国体道路店                              ,電気,1,,,,,,,,,,,,
76682,120906,77,株式会社関防                                    ,和歌山県暴力団追放県民センター                  ,電気,1,,,,,,,,,,,,
76647,120906,548,前田電気                                        ,しまだ内科クリニック                            ,防災,1,,,,,,,,,,,,
76643,120904,15,泉州防災株式会社                                ,ＮＯＢＵＴＡＢＬＤＧ地下改修工事                ,電気,1,,,,,,,,,,,,
76664,120904,45,株式会社アイワライフネット                      ,スーパーハイツ黒田　101号                       ,防災,1,,,,,,,,,,,,
76642,120904,607,シンワ技研株式会社                              ,医療法人友和会高齢者共同住宅新築工事            ,電気,1,,,,,,,,,,,,
76640,120903,131,小川電機株式会社　和歌山営業所                  ,ＮＲＮ６３５１６０                              ,電気,1,,,,,,,,,,,,
76652,120831,63,和歌山県立医科大学附属病院                      ,防刃手袋ワークウェア　Lサイズ                   ,防災,1,,,,,,,,,,,,
76634,120831,141,株式会社オーティーエル                          ,大阪大学　感知器取付け                          ,防災,1,,,,,,,,,,,,
76577,120831,144,和綿株式会社                                    ,和綿株式会社　新工場棟・旧工場棟                ,防災,1,,,,,,,,,,,,
76578,120831,144,和綿株式会社                                    ,和綿ビル　消防設備保守点検                      ,防災,1,,,,,,,,,,,,
76613,120831,207,ニッタン株式会社　和歌山営業所                  ,ﾌｧｯｼｮﾝｾﾝﾀｰしまむら　神前店　新築工事            ,電気,1,,,,,,,,,,,,
76614,120831,207,ニッタン株式会社　和歌山営業所                  ,勝浦ビルＥＮＧ更改空調設備他工事                ,電気,1,,,,,,,,,,,,
76635,120831,291,株式会社　ドゥ・オペレーション                  ,ホテル　サンローラン                            ,電気,1,,,,,,,,,,,,
76606,120831,396,大和リビング株式会社　関西支店                  ,カーザエフリール                                ,防災,1,,,,,,,,,,,,
76607,120831,396,大和リビング株式会社　関西支店                  ,パールリーフ高松                                ,防災,1,,,,,,,,,,,,
76608,120831,396,大和リビング株式会社　関西支店                  ,Ｄ－ＲＯＯＭ　花みずき                          ,防災,1,,,,,,,,,,,,
76605,120831,419,綜合警備保障株式会社                            ,カーサ12                                        ,防災,1,,,,,,,,,,,,
76658,120831,614,株式会社クリーン工房                            ,アバローム紀の国                                ,防災,1,,,,,,,,,,,,
76512,120831,624,株式会社アックスプラニング                      ,ＥＣＣ本社                                      ,防災,1,,,,,,,,,,,,
76513,120831,624,株式会社アックスプラニング                      ,Ｃアミュー宝塚小林                              ,防災,1,,,,,,,,,,,,
76631,120831,641,株式会社熊田工業                                ,サンシャインセイブ                              ,防災,1,,,,,,,,,,,,
76633,120831,650,沢越電気                                        ,光電式スポット型感知器2種(FDK246型)             ,防災,1,,,,,,,,,,,,
76574,120831,651,有限会社　ツーバイホーム                        ,ローゼンラビー                                  ,防災,1,,,,,,,,,,,,
76624,120830,45,株式会社アイワライフネット                      ,ヴァンティアン舟津                              ,防災,1,,,,,,,,,,,,
76719,120829,15,泉州防災株式会社                                ,岸和田製鋼　総合盤移設取付工事                  ,電気,1,,,,,,,,,,,,
76611,120829,131,小川電機株式会社　和歌山営業所                  ,運賃                                            ,電気,1,,,,,,,,,,,,
76612,120829,131,小川電機株式会社　和歌山営業所                  ,小南自動車　南港事務所追加工事                  ,電気,1,,,,,,,,,,,,
76717,120828,15,泉州防災株式会社                                ,ピープル枚方火災通報装置取替                    ,防災,1,,,,,,,,,,,,
76610,120828,45,株式会社アイワライフネット                      ,サンヴィレッジＭ　205号                         ,防災,1,,,,,,,,,,,,
76621,120826,396,大和リビング株式会社　関西支店                  ,サウスメゾンムーランルージュ                    ,防災,1,,,,,,,,,,,,
76622,120826,396,大和リビング株式会社　関西支店                  ,サウスメゾンエーデルワイス                      ,防災,1,,,,,,,,,,,,
76623,120826,396,大和リビング株式会社　関西支店                  ,エトワール                                      ,防災,1,,,,,,,,,,,,
76590,120825,15,泉州防災株式会社                                ,ライオンズマンション　紀伊                      ,防災,1,,,,,,,,,,,,
76591,120825,15,泉州防災株式会社                                ,CITY和歌山                                      ,防災,1,,,,,,,,,,,,
76592,120825,15,泉州防災株式会社                                ,有田123                                         ,防災,1,,,,,,,,,,,,
76593,120825,15,泉州防災株式会社                                ,インター123                                     ,防災,1,,,,,,,,,,,,
76594,120825,15,泉州防災株式会社                                ,はりまや123                                     ,防災,1,,,,,,,,,,,,
76595,120825,15,泉州防災株式会社                                ,岸和田競輪場                                    ,防災,1,,,,,,,,,,,,
76596,120825,15,泉州防災株式会社                                ,イオンモールりんくう泉南                        ,防災,1,,,,,,,,,,,,
76597,120825,15,泉州防災株式会社                                ,イオンモールりんくう泉南                        ,防災,1,,,,,,,,,,,,
76598,120825,15,泉州防災株式会社                                ,123豊中店　屋外駐車場整備工事                   ,防災,1,,,,,,,,,,,,
76599,120825,15,泉州防災株式会社                                ,延田ビル3・4階分                                ,防災,1,,,,,,,,,,,,
76600,120825,15,泉州防災株式会社                                ,エーアンドエーマテリアル                        ,防災,1,,,,,,,,,,,,
76601,120825,40,三洋マリン建設株式会社                          ,清和肥料工業株式会社　和歌山工場                ,防災,1,,,,,,,,,,,,
76602,120825,40,三洋マリン建設株式会社                          ,小南自動車新築工事                              ,防災,1,,,,,,,,,,,,
76603,120825,40,三洋マリン建設株式会社                          ,エヌシー環境株式会社様分                        ,防災,1,,,,,,,,,,,,
76561,120825,656,株式会社吉永建設                                ,大阪ﾘﾊﾋﾞﾘﾃｰｼｮﾝ病院ﾌﾟﾚﾊﾌﾞ移設工事                ,防災,1,,,,,,,,,,,,
76576,120824,266,興紀防災設備                                    ,光電式ｽﾎﾟｯﾄ型煙感知器　2種（BV454818）          ,防災,1,,,,,,,,,,,,
76584,120823,374,平林電気工業所                                  ,HC125　防露カバー                               ,防災,1,,,,,,,,,,,,
76619,120823,396,大和リビング株式会社　関西支店                  ,リアン太田                                      ,防災,1,,,,,,,,,,,,
76620,120823,396,大和リビング株式会社　関西支店                  ,フィオーレ野崎Ⅱ                                ,防災,1,,,,,,,,,,,,
76589,120822,61,山本電気株式会社                                ,平坂恵智子様共同住宅新築工事                    ,防災,1,,,,,,,,,,,,
76515,120820,3,株式会社 アストライン                           ,アストライン　本社ビル                          ,防災,1,,,,,,,,,,,,
76516,120820,3,株式会社 アストライン                           ,アストボックス　中之島・黒田・大新              ,防災,1,,,,,,,,,,,,
76517,120820,3,株式会社 アストライン                           ,株式会社アストライン　有本営業所                ,防災,1,,,,,,,,,,,,
76539,120820,35,株式会社葵消防設備                              ,某現場　お引き取り分                            ,電気,1,,,,,,,,,,,,
76615,120820,38,伸和電設株式会社                                ,三菱電機㈱４工場２階                            ,防災,1,,,,,,,,,,,,
76616,120820,38,伸和電設株式会社                                ,三菱電機㈱７工場撤去及び６工場１階              ,防災,1,,,,,,,,,,,,
76617,120820,38,伸和電設株式会社                                ,三菱電機㈱３工場２階                            ,防災,1,,,,,,,,,,,,
76641,120820,38,伸和電設株式会社                                ,三菱電機㈱１工場３階　無音響室                  ,電気,1,,,,,,,,,,,,
76522,120820,45,株式会社アイワライフネット                      ,プレジール狐島Ａ・Ｂ棟 消防設備保守点検         ,防災,1,,,,,,,,,,,,
76552,120820,46,田上電機システム                                ,共栄フーズ　様                                  ,防災,1,,,,,,,,,,,,
76553,120820,48,有限会社レインボーシステムズ                    ,パルビル                                        ,電気,1,,,,,,,,,,,,
76554,120820,48,有限会社レインボーシステムズ                    ,ワールドプラザ南海                              ,電気,1,,,,,,,,,,,,
76532,120820,49,株式会社堀田組                                  ,三菱電機㈱冷熱システム製作所                    ,防災,1,,,,,,,,,,,,
76533,120820,49,株式会社堀田組                                  ,三菱電機㈱冷熱システム製作所                    ,電気,1,,,,,,,,,,,,
76535,120820,49,株式会社堀田組                                  ,三菱電機㈱冷熱システム製作所                    ,防災,1,,,,,,,,,,,,
76536,120820,49,株式会社堀田組                                  ,三菱電機㈱冷熱システム製作所                    ,防災,1,,,,,,,,,,,,
76537,120820,49,株式会社堀田組                                  ,三菱電機㈱冷熱システム製作所                    ,電気,1,,,,,,,,,,,,
76547,120820,49,株式会社堀田組                                  ,三菱電機冷熱応用ｼｽﾃﾑ株式会社 貴志川工場         ,防災,1,,,,,,,,,,,,
76551,120820,116,伊勢屋ビル                                      ,消防設備保守点検（総合点検）                    ,防災,1,,,,,,,,,,,,
76588,120820,126,株式会社狩谷電気店                              ,和歌山病院                                      ,電気,1,,,,,,,,,,,,
76556,120820,134,日本ビルサービス株式会社                        ,朝日プラザ中之島                                ,防災,1,,,,,,,,,,,,
76526,120820,144,和綿株式会社                                    ,消防設備保守点検に伴う修理                      ,防災,1,,,,,,,,,,,,
76636,120820,170,奥村電気設備                                    ,丸山組　倉庫                                    ,防災,1,,,,,,,,,,,,
76627,120820,259,アサカワリフォーム株式会社                      ,山下様邸　電気設備工事                          ,電気,1,,,,,,,,,,,,
76628,120820,259,アサカワリフォーム株式会社                      ,西浜中学校配膳室整備工事                        ,電気,1,,,,,,,,,,,,
76629,120820,259,アサカワリフォーム株式会社                      ,和歌山高校特別・普通教室棟（2期）               ,電気,1,,,,,,,,,,,,
76573,120820,314,和歌山市長　大橋建一                            ,和歌山市斎場                                    ,防災,1,,,,,,,,,,,,
76542,120820,363,ＩＳＥ設計工房                                  ,増田内科トイレ改修工事                          ,防災,1,,,,,,,,,,,,
76618,120820,378,積和不動産関西株式会社                          ,消防設備保守点検                                ,防災,1,,,,,,,,,,,,
76632,120820,437,株式会社　関口建設                              ,ﾋﾀﾞｶﾔ神前店　新築工事に伴う消防設備工事         ,電気,1,,,,,,,,,,,,
76582,120820,494,新栄電気株式会社                                ,みさき公園　南海荘                              ,防災,1,,,,,,,,,,,,
76583,120820,494,新栄電気株式会社                                ,みさき公園　南海荘                              ,防災,1,,,,,,,,,,,,
76568,120820,555,社会福祉法人　一会                              ,介護老人保健施設ローズ                          ,防災,1,,,,,,,,,,,,
76569,120820,555,社会福祉法人　一会                              ,通所リハビリテーションローズ                    ,防災,1,,,,,,,,,,,,
76548,120820,655,長山接骨院                                      ,照明取替                                        ,電気,1,,,,,,,,,,,,
76567,120820,657,株式会社プラス                                  ,よってって貴志川店・ふれあい館                  ,防災,1,,,,,,,,,,,,
76519,120818,45,株式会社アイワライフネット                      ,エスポワール中之島　302号                       ,防災,1,,,,,,,,,,,,
76520,120818,45,株式会社アイワライフネット                      ,グリーンフルまつもと                            ,防災,1,,,,,,,,,,,,
76527,120818,607,シンワ技研株式会社                              ,シール                                          ,防災,1,,,,,,,,,,,,
76541,120815,15,泉州防災株式会社                                ,紀の川ボウル                                    ,電気,1,,,,,,,,,,,,
76530,120815,37,株式会社阪本電気                                ,Ｍ医院                                          ,防災,1,,,,,,,,,,,,
76507,120815,131,小川電機株式会社　和歌山営業所                  ,コミナミ南港事務所新築工事                      ,電気,1,,,,,,,,,,,,
76562,120812,389,和歌山商工会議所                                ,和歌山商工会議所ビル                            ,防災,1,,,,,,,,,,,,
76508,120811,150,ファースト                                      ,7/5　消防設備点検に伴う修繕工事                 ,防災,1,,,,,,,,,,,,
76575,120810,291,株式会社　ドゥ・オペレーション                  ,ホテルシルフ                                    ,防災,1,,,,,,,,,,,,
76506,120808,45,株式会社アイワライフネット                      ,ヴィブレ大堀 413号                              ,防災,1,,,,,,,,,,,,
76572,120808,484,仁屋                                            ,パティスリーかいと                              ,防災,1,,,,,,,,,,,,
76524,120803,433,医療法人三光会　かがやきくらぶ                  ,かがやきくらぶ　エアコン取替                    ,電気,1,,,,,,,,,,,,
76514,120802,34,有限会社高田産業                                ,デイサービスセンターたかお                      ,防災,1,,,,,,,,,,,,
76503,120801,593,オーヤシマ株式会社　本社                        ,岩﨑邸　オール電化電源工事                      ,電気,1,,,,,,,,,,,,
76492,120731,150,ファースト                                      ,ファースト　様                                  ,電気,1,,,,,,,,,,,,
76491,120731,197,パーラーゴリラ                                  ,ﾊﾟｰﾗｰｺﾞﾘﾗ　消防設備保守点検に伴う修理           ,防災,1,,,,,,,,,,,,
76487,120731,272,　　山中                                        ,平成9年5月～7月工事                             ,電気,1,,,,,,,,,,,,
76489,120731,419,綜合警備保障株式会社                            ,セキワステージ金池 消防設備保守点検             ,防災,1,,,,,,,,,,,,
76409,120731,614,株式会社クリーン工房                            ,5/26　アバローム紀の国様                        ,防災,1,,,,,,,,,,,,
76471,120731,650,沢越電気                                        ,消防設備保守点検                                ,防災,1,,,,,,,,,,,,
76457,120730,118,株式会社たけでん                                ,大虎運輸本社改修工事                            ,電気,1,,,,,,,,,,,,
76557,120730,365,菱紀塗装工業株式会社                            ,御社 事務所棟･南･北･西･新工場･食堂棟            ,防災,1,,,,,,,,,,,,
76531,120729,35,株式会社葵消防設備                              ,貴志川マンション                                ,防災,1,,,,,,,,,,,,
76510,120728,45,株式会社アイワライフネット                      ,リベラルパレス塩屋　102号                       ,防災,1,,,,,,,,,,,,
76543,120728,48,有限会社レインボーシステムズ                    ,ダイヤモンドプラザ                              ,電気,1,,,,,,,,,,,,
76540,120728,148,坂田電工                                        ,１５番館 応援                                   ,電気,1,,,,,,,,,,,,
76511,120727,45,株式会社アイワライフネット                      ,ディアス井端　202号                             ,防災,1,,,,,,,,,,,,
76484,120727,167,建築工房アドミック                              ,ナカガワビル 消火器交換                         ,防災,1,,,,,,,,,,,,
76483,120726,651,有限会社　ツーバイホーム                        ,ローゼンラビー                                  ,防災,1,,,,,,,,,,,,
76459,120725,15,泉州防災株式会社                                ,ｲｵﾝﾓｰﾙ泉南　3階駐車場                           ,電気,1,,,,,,,,,,,,
76460,120725,15,泉州防災株式会社                                ,泉佐野ｱｳﾄﾚｯﾄ　自動火災報知設備工事              ,防災,1,,,,,,,,,,,,
76461,120725,15,泉州防災株式会社                                ,日本橋東駐車場                                  ,防災,1,,,,,,,,,,,,
76462,120725,15,泉州防災株式会社                                ,泉大津　アルザ                                  ,防災,1,,,,,,,,,,,,
76463,120725,15,泉州防災株式会社                                ,１２３岡崎店                                    ,防災,1,,,,,,,,,,,,
76464,120725,15,泉州防災株式会社                                ,ＪＡ和歌山　改修工事                            ,防災,1,,,,,,,,,,,,
76470,120725,15,泉州防災株式会社                                ,イオンモールりんくう泉南                        ,防災,1,,,,,,,,,,,,
76472,120725,15,泉州防災株式会社                                ,田辺１２３　消防設備保守点検                    ,防災,1,,,,,,,,,,,,
76475,120725,15,泉州防災株式会社                                ,延田ビル　ＳＰ屋内消火栓設備工事                ,防災,1,,,,,,,,,,,,
76450,120725,640,太田ビル                                        ,太田ビル様                                      ,防災,1,,,,,,,,,,,,
76509,120724,152,有限会社いわでん                                ,調月小学校　弱電配線迂回工事                    ,電気,1,,,,,,,,,,,,
76550,120724,184,長添電工                                        ,タカショー　消防設備保守点検（総合点検）        ,電気,1,,,,,,,,,,,,
76452,120721,45,株式会社アイワライフネット                      ,ハイツときわ　403号                             ,防災,1,,,,,,,,,,,,
76544,120721,48,有限会社レインボーシステムズ                    ,エクロールプラザ                                ,電気,1,,,,,,,,,,,,
76417,120720,35,株式会社葵消防設備                              ,非常警報設備　複合装置                          ,防災,1,,,,,,,,,,,,
76433,120720,36,有限会社紀州エンジニアリング                    ,北出病院　院内保育所兼倉庫消火器                ,防災,1,,,,,,,,,,,,
76434,120720,36,有限会社紀州エンジニアリング                    ,北出病院　院内保育所兼倉庫                      ,防災,1,,,,,,,,,,,,
76425,120720,38,伸和電設株式会社                                ,三菱　７工場４Ｆ                                ,電気,1,,,,,,,,,,,,
76419,120720,42,小笠原電気株式会社                              ,6/21　木下建設ﾏﾝｼｮﾝ301号                        ,防災,1,,,,,,,,,,,,
76408,120720,45,株式会社アイワライフネット                      ,エスポワールZen　103号                          ,防災,1,,,,,,,,,,,,
76410,120720,45,株式会社アイワライフネット                      ,メゾン・サンパティーク 消防設備保守点検         ,防災,1,,,,,,,,,,,,
76441,120720,49,株式会社堀田組                                  ,三菱電機　保安棟                                ,電気,1,,,,,,,,,,,,
76499,120720,49,株式会社堀田組                                  ,第４工場屋内消火栓設備改修                      ,防災,1,,,,,,,,,,,,
76414,120720,53,紀北防災                                        ,1段屋外ﾎｰｽ箱・ｽﾄﾚｰﾄﾉｽﾞﾙｾｯﾄ                      ,防災,1,,,,,,,,,,,,
76458,120720,61,山本電気株式会社                                ,平田様　貸し事務所                              ,防災,1,,,,,,,,,,,,
76454,120720,139,おむすびの味里                                  ,平成22年7月～平成23年9月まで                    ,電気,1,,,,,,,,,,,,
76422,120720,152,有限会社いわでん                                ,ＳＫハウジング                                  ,防災,1,,,,,,,,,,,,
76437,120720,286,株式会社　東洋エンタープライズ                  ,アバローム紀の国様                              ,防災,1,,,,,,,,,,,,
76477,120720,378,積和不動産関西株式会社                          ,消防設備保守点検                                ,防災,1,,,,,,,,,,,,
76479,120720,419,綜合警備保障株式会社                            ,㈱スズキ自販和歌山　水漏れ調査                  ,防災,1,,,,,,,,,,,,
76480,120720,579,ＴＫＬＣ株式会社                                ,有田市民病院                                    ,防災,1,,,,,,,,,,,,
76438,120720,606,梶建                                            ,１月・５月分　避難ステッカー　他 繰越金         ,防災,1,,,,,,,,,,,,
76420,120720,607,シンワ技研株式会社                              ,FRP　消火器格納箱 お引取                        ,防災,1,,,,,,,,,,,,
76478,120720,624,株式会社アックスプラニング                      ,Ｃアミュー宝塚小林                              ,防災,1,,,,,,,,,,,,
76447,120718,181,株式会社青木実業                                ,ｼﾝﾌｫﾆｰﾋﾞﾙ保守点検に伴う修理                     ,防災,1,,,,,,,,,,,,
76448,120718,181,株式会社青木実業                                ,ｼﾝﾌｫﾆｰﾋﾞﾙ消防設備保守点検                       ,防災,1,,,,,,,,,,,,
76469,120716,15,泉州防災株式会社                                ,消防用設備点検                                  ,防災,1,,,,,,,,,,,,
76405,120716,45,株式会社アイワライフネット                      ,グリーンマンションⅡ                            ,防災,1,,,,,,,,,,,,
76416,120716,168,株式会社山本二三男電気商会                      ,貴志川高校                                      ,防災,1,,,,,,,,,,,,
76404,120712,45,株式会社アイワライフネット                      ,グリーンフル堀井　205号                         ,防災,1,,,,,,,,,,,,
76490,120712,197,パーラーゴリラ                                  ,パーラーゴリラ　消火器交換                      ,防災,1,,,,,,,,,,,,
76413,120711,53,紀北防災                                        ,ＪＡ有田栖原                                    ,防災,1,,,,,,,,,,,,
76397,120711,118,株式会社たけでん                                ,初田）ABC10型　消火器                           ,防災,1,,,,,,,,,,,,
76427,120711,608,エイシン設備工業株式会社                        ,ｸﾞﾙｰﾌﾟﾎｰﾑ　憩いｵﾘｵﾉ館                           ,防災,1,,,,,,,,,,,,
76423,120710,61,山本電気株式会社                                ,ａｕ狐島店                                      ,防災,1,,,,,,,,,,,,
76500,120710,131,小川電機株式会社　和歌山営業所                  ,消防設備保守点検（総合点検）                    ,防災,1,,,,,,,,,,,,
76428,120710,519,中川電気工事店                                  ,老人ﾎｰﾑ排煙口調査及び修理                       ,防災,1,,,,,,,,,,,,
76401,120709,45,株式会社アイワライフネット                      ,ウエストヴィレッジ2000Ⅱ                        ,防災,1,,,,,,,,,,,,
76402,120709,45,株式会社アイワライフネット                      ,ソレアード菖蒲                                  ,防災,1,,,,,,,,,,,,
76403,120709,45,株式会社アイワライフネット                      ,グリーンフル藤井　202号                         ,防災,1,,,,,,,,,,,,
76399,120706,45,株式会社アイワライフネット                      ,パールハイツ　203号                             ,防災,1,,,,,,,,,,,,
76400,120706,45,株式会社アイワライフネット                      ,オフィスビル21                                  ,防災,1,,,,,,,,,,,,
76418,120703,35,株式会社葵消防設備                              ,エアコン取付工事                                ,電気,1,,,,,,,,,,,,
76444,120702,48,有限会社レインボーシステムズ                    ,7月2日　エクロールプラザ                        ,電気,1,,,,,,,,,,,,
76406,120702,63,公立大学法人和歌山県立医科大学                  ,防刃手袋ワークウェア　Lサイズ                   ,防災,1,,,,,,,,,,,,
76398,120630,45,株式会社アイワライフネット                      ,タウンハイツ　203号                             ,防災,1,,,,,,,,,,,,
76386,120630,133,大和計装株式会社                                ,三菱電機                                        ,電気,1,,,,,,,,,,,,
76388,120630,141,株式会社オーティーエル                          ,新大阪アクロスビル                              ,防災,1,,,,,,,,,,,,
76389,120630,141,株式会社オーティーエル                          ,花鳥風月ビル(ﾁｬｲﾅﾊﾞﾙ･ﾋﾞｶﾞｯ)                     ,防災,1,,,,,,,,,,,,
76376,120630,291,株式会社　ドゥ・オペレーション                  ,5/18　ホテルヴィセラ様                          ,防災,1,,,,,,,,,,,,
76377,120630,291,株式会社　ドゥ・オペレーション                  ,6/5　コンチネンタルヴィヂュウ                   ,電気,1,,,,,,,,,,,,
76380,120630,291,株式会社　ドゥ・オペレーション                  ,6/9　ホテル　シルフ　2F                         ,電気,1,,,,,,,,,,,,
76381,120630,291,株式会社　ドゥ・オペレーション                  ,5/18　ホテルヴィセラ様                          ,電気,1,,,,,,,,,,,,
76390,120630,419,綜合警備保障株式会社                            ,スズキ自販　和歌山                              ,防災,1,,,,,,,,,,,,
76387,120630,438,株式会社　大野建設                              ,オーエ新倉庫                                    ,防災,1,,,,,,,,,,,,
76383,120630,628,興紀消防メンテナンス                            ,さくら園（紀伊風土記の丘）                      ,防災,1,,,,,,,,,,,,
76432,120629,34,有限会社高田産業                                ,ｸﾞﾙｰﾌﾟﾎｰﾑ高尾                                   ,防災,1,,,,,,,,,,,,
76442,120629,49,株式会社堀田組                                  ,三菱電機冷熱応用システム㈱様へ                  ,防災,1,,,,,,,,,,,,
76421,120629,607,シンワ技研株式会社                              ,森化学様                                        ,防災,1,,,,,,,,,,,,
76415,120628,27,有限会社南和酒店                                ,ﾀﾞｲｸﾛﾊﾛｹﾞﾝ球                                    ,電気,1,,,,,,,,,,,,
76349,120627,635,和歌山市防火管理者連絡協議会                    ,ケスゾウ                                        ,防災,1,,,,,,,,,,,,
76449,120626,60,有限会社梶本無線商会                            ,住友金属ｽﾃﾝﾚｽ　AOD洗濯室                        ,電気,1,,,,,,,,,,,,
76446,120626,181,株式会社青木実業                                ,6/26　ｼﾝﾌｫﾆｰﾋﾞﾙ　ﾗﾝﾌﾟ取替                       ,電気,1,,,,,,,,,,,,
76344,120626,266,興紀防災設備                                    ,光電式ｽﾎﾟｯﾄ型煙感知器　2種（BV45488）           ,防災,1,,,,,,,,,,,,
76431,120626,494,新栄電気株式会社                                ,砂川厚生福祉センター                            ,防災,1,,,,,,,,,,,,
76366,120625,15,泉州防災株式会社                                ,イオンモールりんくう泉南　イオン銀行後          ,防災,1,,,,,,,,,,,,
76367,120625,15,泉州防災株式会社                                ,本町永和ビル　１Ｆ　改修工事                    ,防災,1,,,,,,,,,,,,
76370,120625,15,泉州防災株式会社                                ,大阪リソースセンター　2F　馬場塾                ,防災,1,,,,,,,,,,,,
76371,120625,15,泉州防災株式会社                                ,大阪リソースセンター　2F　馬場塾                ,防災,1,,,,,,,,,,,,
76372,120625,15,泉州防災株式会社                                ,大阪リソースセンター　2F馬場塾　2期工事         ,防災,1,,,,,,,,,,,,
76373,120625,15,泉州防災株式会社                                ,大阪リソースセンター　2F馬場塾　1期工事         ,防災,1,,,,,,,,,,,,
76374,120625,15,泉州防災株式会社                                ,大阪リソースセンター　2F馬場塾　2期工事         ,防災,1,,,,,,,,,,,,
76429,120623,345,池田電気工事                                    ,大阪ﾘﾊﾋﾞﾘﾃｰｼｮﾝｾﾝﾀｰ                              ,防災,1,,,,,,,,,,,,
76443,120622,48,有限会社レインボーシステムズ                    ,6月22日　ワールドプラザ南海                     ,電気,1,,,,,,,,,,,,
76435,120621,36,有限会社紀州エンジニアリング                    ,ビジネスホテル紀和                              ,防災,1,,,,,,,,,,,,
76280,120621,150,ファースト                                      ,平成24年6月6日,防災,1,,,,,,,,,,,,
76424,120621,342,埼山                                            ,Ｆｉｎ                                          ,電気,1,,,,,,,,,,,,
76365,120620,15,泉州防災株式会社                                ,アウトレット泉佐野　1940                        ,防災,1,,,,,,,,,,,,
76297,120620,19,身体障害者授産施設小倉園                        ,消防設備保守点検                                ,防災,1,,,,,,,,,,,,
76315,120620,35,株式会社葵消防設備                              ,消火器　粉末ABC　10型                           ,防災,1,,,,,,,,,,,,
76351,120620,35,株式会社葵消防設備                              ,御社　事務所　改装工事                          ,電気,1,,,,,,,,,,,,
76327,120620,38,伸和電設株式会社                                ,三菱電機　5工場                                 ,電気,1,,,,,,,,,,,,
76352,120620,42,小笠原電気株式会社                              ,木下マンション　　消防設備保守点検              ,防災,1,,,,,,,,,,,,
76283,120620,45,株式会社アイワライフネット                      ,5月21日　ヴェルセンチェリー　　205号            ,防災,1,,,,,,,,,,,,
76284,120620,45,株式会社アイワライフネット                      ,5月23日　神前テナント                           ,防災,1,,,,,,,,,,,,
76285,120620,45,株式会社アイワライフネット                      ,5月25日　グリーンフルタカタ　Ｂ棟　107号        ,防災,1,,,,,,,,,,,,
76286,120620,45,株式会社アイワライフネット                      ,6月6日　キューブＮ　Ｂ棟　313号                 ,防災,1,,,,,,,,,,,,
76288,120620,45,株式会社アイワライフネット                      ,6月6日　グレイス木ノ本　103号                   ,防災,1,,,,,,,,,,,,
76289,120620,45,株式会社アイワライフネット                      ,6月9日　グリーンフルまつもと(一般）208号        ,防災,1,,,,,,,,,,,,
76290,120620,45,株式会社アイワライフネット                      ,6月15日　僕の家                                 ,防災,1,,,,,,,,,,,,
76291,120620,45,株式会社アイワライフネット                      ,6月15日　オフィスビル21                         ,防災,1,,,,,,,,,,,,
76292,120620,45,株式会社アイワライフネット                      ,5月22日　アヴニール                             ,防災,1,,,,,,,,,,,,
76330,120620,48,有限会社レインボーシステムズ                    ,5月21日　エクロールプラザ                       ,電気,1,,,,,,,,,,,,
76331,120620,48,有限会社レインボーシステムズ                    ,5月28日　ワールドプラザ南海                     ,電気,1,,,,,,,,,,,,
76332,120620,48,有限会社レインボーシステムズ                    ,5月28日　パルビル　ＥＶ機械室                   ,電気,1,,,,,,,,,,,,
76333,120620,48,有限会社レインボーシステムズ                    ,6月4日　エクロールプラザ                        ,電気,1,,,,,,,,,,,,
76334,120620,48,有限会社レインボーシステムズ                    ,6月4日　ダイアモンドプラザ                      ,電気,1,,,,,,,,,,,,
76335,120620,48,有限会社レインボーシステムズ                    ,6月12日　パルファンビル                         ,電気,1,,,,,,,,,,,,
76336,120620,48,有限会社レインボーシステムズ                    ,6月12日　エクロールプラザ                       ,電気,1,,,,,,,,,,,,
76337,120620,48,有限会社レインボーシステムズ                    ,6月20日　エクロールプラザ                       ,電気,1,,,,,,,,,,,,
76338,120620,48,有限会社レインボーシステムズ                    ,6月20日　ワールドプラザ南海                     ,電気,1,,,,,,,,,,,,
76339,120620,48,有限会社レインボーシステムズ                    ,6月20日　ダイアモンドプラザ                     ,電気,1,,,,,,,,,,,,
76324,120620,49,株式会社堀田組                                  ,三菱電機㈱冷熱システム製作所                    ,防災,1,,,,,,,,,,,,
76325,120620,49,株式会社堀田組                                  ,三菱電機㈱冷熱システム製作所                    ,防災,1,,,,,,,,,,,,
76326,120620,49,株式会社堀田組                                  ,三菱電機健康保険組合                            ,防災,1,,,,,,,,,,,,
76312,120620,53,紀北防災                                        ,粉末ABC消火器　10型 処分費                      ,防災,1,,,,,,,,,,,,
76307,120620,60,有限会社梶本無線商会                            ,住金ステンレス　モニター取付（6/4）             ,電気,1,,,,,,,,,,,,
76322,120620,146,和歌山ヤナセ株式会社                            ,和歌山ヤナセ様                                  ,防災,1,,,,,,,,,,,,
76309,120620,152,有限会社いわでん                                ,生活介護事業所　あい・らんど改修工事            ,防災,1,,,,,,,,,,,,
76310,120620,152,有限会社いわでん                                ,生活介護事業所　あい・らんど改修追加工事        ,防災,1,,,,,,,,,,,,
76311,120620,152,有限会社いわでん                                ,生活介護事業所　あい・らんど改修追加工事        ,防災,1,,,,,,,,,,,,
76328,120620,181,株式会社青木実業                                ,シンフォニービル　ＥＶ内カメラ設置工事          ,電気,1,,,,,,,,,,,,
76308,120620,183,有限会社プラスケア                              ,デイサービス草原                                ,電気,1,,,,,,,,,,,,
76299,120620,197,パーラーゴリラ                                  ,6月5日　消防設備保守点検                        ,防災,1,,,,,,,,,,,,
76306,120620,269,株式会社　ハナノ                                ,6月2日　ﾓﾝｼｪﾘｰﾊﾅﾉ様　消防設備保守点検           ,防災,1,,,,,,,,,,,,
76293,120620,354,松本電気工事                                    ,消火器　粉末ABC　10型                           ,防災,1,,,,,,,,,,,,
76396,120620,378,積和不動産関西株式会社                          ,消防設備保守点検                                ,防災,1,,,,,,,,,,,,
76323,120620,494,新栄電気株式会社                                ,砂川　断線修理                                  ,電気,1,,,,,,,,,,,,
76354,120620,563,有限会社俊英                                    ,居酒屋　丸福                                    ,防災,1,,,,,,,,,,,,
76318,120620,609,株式会社　広域有田                              ,わかばの郷                                      ,防災,1,,,,,,,,,,,,
76319,120620,609,株式会社　広域有田                              ,わかばの郷　受信機移設及び火災通報装置取        ,防災,1,,,,,,,,,,,,
76320,120620,609,株式会社　広域有田                              ,わかばの郷　水道本管埋設工事                    ,防災,1,,,,,,,,,,,,
76321,120620,609,株式会社　広域有田                              ,わかばの郷　感知器増設                          ,防災,1,,,,,,,,,,,,
76355,120620,616,メディカルメイト株式会社                        ,宮本病院                                        ,防災,1,,,,,,,,,,,,
76356,120620,616,メディカルメイト株式会社                        ,川西病院                                        ,防災,1,,,,,,,,,,,,
76305,120620,632,ハナノ　マンション                              ,6月2日　消防設備保守点検                        ,防災,1,,,,,,,,,,,,
76350,120620,636,武田                                            ,はいはい店番　子機増設工事                      ,電気,1,,,,,,,,,,,,
76364,120619,15,泉州防災株式会社                                ,新金岡駅                                        ,防災,1,,,,,,,,,,,,
76363,120616,15,泉州防災株式会社                                ,Ｐ＆Ｇ                                          ,防災,1,,,,,,,,,,,,
76362,120613,15,泉州防災株式会社                                ,イオンタウン貴志川                              ,防災,1,,,,,,,,,,,,
76282,120613,290,ファーストⅡ                                    ,消防設備保守点検                                ,防災,1,,,,,,,,,,,,
76281,120613,516,浅江胃腸科                                      ,5/31　1階　院内　消防設備保守点検               ,防災,1,,,,,,,,,,,,
76369,120612,167,建築工房アドミック                              ,かき惣様　自動火災報知設備工事                  ,防災,1,,,,,,,,,,,,
76279,120611,128,小川電機株式会社　御坊営業所                    ,屋外消火栓用ホース 　65A×20m                   ,防災,1,,,,,,,,,,,,
76361,120608,15,泉州防災株式会社                                ,西神オリエンタルホテル                          ,防災,1,,,,,,,,,,,,
76259,120531,133,大和計装株式会社                                ,三菱電機                                        ,電気,1,,,,,,,,,,,,
76264,120531,144,和綿株式会社                                    ,御社ビル                                        ,防災,1,,,,,,,,,,,,
76274,120531,207,ニッタン株式会社　和歌山営業所                  ,浦島ハーバーホテル                              ,防災,1,,,,,,,,,,,,
76261,120531,256,南海化学株式会社                                ,消火器　粉末ABC　10型　(蓄圧式）                ,防災,1,,,,,,,,,,,,
76269,120531,271,医療法人　準心会                                ,消防設備保守点検                                ,防災,1,,,,,,,,,,,,
76226,120531,598,株式会社淺川組                                  ,紀の川工場（株）紀山様　新築工場                ,電気,1,,,,,,,,,,,,
76267,120531,628,興紀消防メンテナンス                            ,消火器　粉末ABC　10型                           ,防災,1,,,,,,,,,,,,
76558,120531,629,医療法人　準心会  道浦クリニック                ,消防設備保守点検                                ,防災,1,,,,,,,,,,,,
76360,120526,15,泉州防災株式会社                                ,シティ和歌山                                    ,防災,1,,,,,,,,,,,,
76242,120525,15,泉州防災株式会社                                ,123はりまや店                                   ,防災,1,,,,,,,,,,,,
76243,120525,15,泉州防災株式会社                                ,ＬＭ和歌山三木町                                ,防災,1,,,,,,,,,,,,
76244,120525,15,泉州防災株式会社                                ,ＬＭ和歌山田中町                                ,防災,1,,,,,,,,,,,,
76245,120525,15,泉州防災株式会社                                ,ＬＭ塩屋                                        ,防災,1,,,,,,,,,,,,
76246,120525,15,泉州防災株式会社                                ,パチンコ1・2・3　インター店                     ,防災,1,,,,,,,,,,,,
76247,120525,15,泉州防災株式会社                                ,ＪＡ和歌山　仮事務所                            ,防災,1,,,,,,,,,,,,
76248,120525,15,泉州防災株式会社                                ,ＪＡ和歌山　仮事務所                            ,防災,1,,,,,,,,,,,,
76249,120525,15,泉州防災株式会社                                ,泉佐野アウトレット1935                          ,防災,1,,,,,,,,,,,,
76250,120525,15,泉州防災株式会社                                ,イオンモールりんくう泉南                        ,防災,1,,,,,,,,,,,,
76253,120525,15,泉州防災株式会社                                ,パチンコ1・2・3　初島店                         ,防災,1,,,,,,,,,,,,
76273,120525,62,リバーサイドマンション管理組合                  ,リバーサイドマンション                          ,防災,1,,,,,,,,,,,,
76240,120525,627,冨岡　弘幸                                      ,冨岡様邸　新築工事                              ,電気,1,,,,,,,,,,,,
76231,120524,65,崇教真光 紀の川準道場                           ,消防設備保守点検                                ,防災,1,,,,,,,,,,,,
76229,120524,128,小川電機株式会社　御坊営業所                    ,消火栓ホース　40A15m                            ,防災,1,,,,,,,,,,,,
76357,120523,15,泉州防災株式会社                                ,岡崎123　消防設備保守点検                       ,防災,1,,,,,,,,,,,,
76271,120523,157,ビジネスホテルカンヌ海南                        ,消防設備保守点検                                ,防災,1,,,,,,,,,,,,
76272,120523,265,朱ビル                                          ,消防設備保守点検                                ,防災,1,,,,,,,,,,,,
76198,120520,38,伸和電設株式会社                                ,三菱電機㈱冷熱システム製作所                    ,防災,1,,,,,,,,,,,,
76216,120520,38,伸和電設株式会社                                ,三菱電機㈱　6工場　2F                           ,防災,1,,,,,,,,,,,,
76220,120520,38,伸和電設株式会社                                ,三菱　3工場　2F喫煙室移設工事応援               ,防災,1,,,,,,,,,,,,
76222,120520,38,伸和電設株式会社                                ,三菱　7工場撤去工事　受信機移設工事             ,電気,1,,,,,,,,,,,,
76182,120520,45,株式会社アイワライフネット                      ,イル・ニード　　　　　消防設備保守点検          ,防災,1,,,,,,,,,,,,
76205,120520,48,有限会社レインボーシステムズ                    ,ワールドプラザ南海様                            ,電気,1,,,,,,,,,,,,
76224,120520,48,有限会社レインボーシステムズ                    ,4月10日　エクロールプラザ　7F　ルーツ様         ,電気,1,,,,,,,,,,,,
76225,120520,48,有限会社レインボーシステムズ                    ,5月11日　ワールドプラザ様                       ,電気,1,,,,,,,,,,,,
76196,120520,49,株式会社堀田組                                  ,三菱電機㈱冷熱システム製作所                    ,電気,1,,,,,,,,,,,,
76197,120520,49,株式会社堀田組                                  ,三菱電機㈱冷熱システム製作所                    ,電気,1,,,,,,,,,,,,
76218,120520,49,株式会社堀田組                                  ,三菱電機冷熱応用システム㈱様へ                  ,防災,1,,,,,,,,,,,,
76199,120520,61,山本電気株式会社                                ,山下進様共同住宅新築工事                        ,防災,1,,,,,,,,,,,,
76201,120520,61,山本電気株式会社                                ,ドライビングスクール海南                        ,防災,1,,,,,,,,,,,,
76228,120520,146,和歌山ヤナセ株式会社                            ,消防設備保守点検に伴う改修工事                  ,防災,1,,,,,,,,,,,,
76200,120520,148,坂田電工                                        ,和歌山王子コンテナー㈱                          ,防災,1,,,,,,,,,,,,
76204,120520,152,有限会社いわでん                                ,紀の川中流流域下水道那賀浄化センター            ,電気,1,,,,,,,,,,,,
76227,120520,191,アルプデンキ                                    ,辻整形外科様                                    ,電気,1,,,,,,,,,,,,
76255,120520,215,リコージャパン株式会社                          ,御社　消防設備保守点検後改修工事                ,防災,1,,,,,,,,,,,,
76256,120520,215,リコージャパン株式会社                          ,消防設備保守点検                                ,防災,1,,,,,,,,,,,,
76207,120520,291,株式会社　ドゥ・オペレーション                  ,ホテルシルフ様　203号室                         ,電気,1,,,,,,,,,,,,
76208,120520,291,株式会社　ドゥ・オペレーション                  ,ホテルシルフ様　501号室                         ,電気,1,,,,,,,,,,,,
76185,120520,301,株式会社　小池組                                ,ルミエール　デイサービスセンター新築工事        ,電気,1,,,,,,,,,,,,
76186,120520,301,株式会社　小池組                                ,ルミエール　デイサービスセンター新築工事        ,電気,1,,,,,,,,,,,,
76223,120520,374,平林電気工業所                                  ,和歌山ガーデンクリエイト                        ,電気,1,,,,,,,,,,,,
76278,120520,378,積和不動産関西株式会社                          ,消防設備保守点検                                ,防災,1,,,,,,,,,,,,
76206,120520,437,株式会社　関口建設                              ,ヒダカヤ高松店                                  ,電気,1,,,,,,,,,,,,
76192,120520,519,中川電気工事店                                  ,辻本クリニック                                  ,防災,1,,,,,,,,,,,,
76193,120520,519,中川電気工事店                                  ,辻本クリニック                                  ,防災,1,,,,,,,,,,,,
76194,120520,519,中川電気工事店                                  ,デイサービスあいがある                          ,防災,1,,,,,,,,,,,,
76184,120520,572,村本建設株式会社                                ,（仮称）四季の森なごみ新築工事　完了            ,電気,1,,,,,,,,,,,,
76203,120520,579,ＴＫＬＣ株式会社                                ,箕島小学校                                      ,防災,1,,,,,,,,,,,,
76258,120520,581,福林電気                                        ,㈲前北工務店様分　誘導標識                      ,防災,1,,,,,,,,,,,,
76217,120520,606,梶建                                            ,避難ステッカー                                  ,防災,1,,,,,,,,,,,,
76191,120520,624,株式会社アックスプラニング                      ,ＥＣＣ　スピリンクラー設備　移設工事            ,防災,1,,,,,,,,,,,,
76195,120520,625,株式会社コーセイテック                          ,ユーフーズ                                      ,電気,1,,,,,,,,,,,,
76213,120517,48,有限会社レインボーシステムズ                    ,5月17日　エクロールプラザ様                     ,電気,1,,,,,,,,,,,,
76214,120517,48,有限会社レインボーシステムズ                    ,5月17日　ダイヤモンドプラザ様                   ,電気,1,,,,,,,,,,,,
76215,120517,48,有限会社レインボーシステムズ                    ,５月１７日　パルビル様                          ,電気,1,,,,,,,,,,,,
76176,120514,45,株式会社アイワライフネット                      ,レオミナト　203号                               ,防災,1,,,,,,,,,,,,
76175,120511,45,株式会社アイワライフネット                      ,四番丁ハイム                                    ,防災,1,,,,,,,,,,,,
76173,120511,47,ビジネスイン南海                                ,消防設備保守点検                                ,防災,1,,,,,,,,,,,,
76171,120510,45,株式会社アイワライフネット                      ,僕の家　301号                                   ,防災,1,,,,,,,,,,,,
76172,120510,45,株式会社アイワライフネット                      ,ディアス井端　205号                             ,防災,1,,,,,,,,,,,,
76169,120508,45,株式会社アイワライフネット                      ,コーポ紀ノ川                                    ,防災,1,,,,,,,,,,,,
76212,120508,48,有限会社レインボーシステムズ                    ,5月8日　エクロールプラザ様                      ,電気,1,,,,,,,,,,,,
76145,120508,506,中村                                            ,中村マンション                                  ,防災,1,,,,,,,,,,,,
76083,120430,118,株式会社たけでん                                ,注文番号DEA4634                                 ,防災,1,,,,,,,,,,,,
76088,120430,149,天海                                            ,消防設備保守点検                                ,防災,1,,,,,,,,,,,,
76121,120430,419,綜合警備保障株式会社                            ,あゆみ保育園                                    ,防災,1,,,,,,,,,,,,
76143,120430,495,　株式会社山本商店                              ,エアコン取付工事                                ,電気,1,,,,,,,,,,,,
76164,120430,598,株式会社淺川組                                  ,紀の川工場（（株）紀山様）新築工場              ,電気,1,,,,,,,,,,,,
76123,120425,15,泉州防災株式会社                                ,イオン泉南                                      ,防災,1,,,,,,,,,,,,
76124,120425,15,泉州防災株式会社                                ,イオンすがの森                                  ,防災,1,,,,,,,,,,,,
76125,120425,15,泉州防災株式会社                                ,123春木                                         ,防災,1,,,,,,,,,,,,
76126,120425,15,泉州防災株式会社                                ,泉佐野アウトレット1825                          ,防災,1,,,,,,,,,,,,
76127,120425,15,泉州防災株式会社                                ,イオンりんくう泉佐野（イオン銀行）              ,防災,1,,,,,,,,,,,,
76128,120425,15,泉州防災株式会社                                ,ラウンドワン　茨木店                            ,防災,1,,,,,,,,,,,,
76132,120425,15,泉州防災株式会社                                ,神戸・西神オリエンタルホテル                    ,防災,1,,,,,,,,,,,,
76133,120425,15,泉州防災株式会社                                ,イオンモールりんくう泉南　2Fテナント            ,防災,1,,,,,,,,,,,,
76134,120425,15,泉州防災株式会社                                ,イオンモールりんくう泉南　そばや                ,防災,1,,,,,,,,,,,,
76136,120425,15,泉州防災株式会社                                ,シティ和歌山                                    ,防災,1,,,,,,,,,,,,
76174,120425,45,株式会社アイワライフネット                      ,山本哲也一戸建                                  ,防災,1,,,,,,,,,,,,
76167,120425,586,浅井                                            ,浅井邸様　新築工事                              ,電気,1,,,,,,,,,,,,
76150,120424,45,株式会社アイワライフネット                      ,グリーンフル藤井　207号                         ,防災,1,,,,,,,,,,,,
76211,120424,48,有限会社レインボーシステムズ                    ,4月24日　エクロールプラザ様                     ,電気,1,,,,,,,,,,,,
76131,120423,15,泉州防災株式会社                                ,ＬＭ和歌山塩屋                                  ,防災,1,,,,,,,,,,,,
76152,120423,45,株式会社アイワライフネット                      ,グリーンフル堀井　306号                         ,防災,1,,,,,,,,,,,,
76155,120423,45,株式会社アイワライフネット                      ,キューブＮ　Ｂ棟　312号                         ,防災,1,,,,,,,,,,,,
76157,120423,45,株式会社アイワライフネット                      ,セジュール中之島　103号                         ,防災,1,,,,,,,,,,,,
76154,120421,45,株式会社アイワライフネット                      ,キューブＮ　Ａ棟　302号                         ,防災,1,,,,,,,,,,,,
76156,120421,45,株式会社アイワライフネット                      ,イル・ニード                                    ,防災,1,,,,,,,,,,,,
76052,120420,21,有限会社友里園                                  ,消防設備保守点検                                ,防災,1,,,,,,,,,,,,
76090,120420,27,有限会社南和酒店                                ,店内スポットライト用　ハロゲン球                ,電気,1,,,,,,,,,,,,
76050,120420,31,株式会社関西電化サービス                        ,沖葬祭　六十谷店                                ,防災,1,,,,,,,,,,,,
76067,120420,35,株式会社葵消防設備                              ,粉末ABC消火器　10型（旧）                       ,防災,1,,,,,,,,,,,,
76106,120420,37,株式会社阪本電気                                ,老人保健施設プラトン                            ,防災,1,,,,,,,,,,,,
76096,120420,38,伸和電設株式会社                                ,三菱電機㈱　6工場分                             ,電気,1,,,,,,,,,,,,
76097,120420,38,伸和電設株式会社                                ,三菱電機㈱　１Ｋ工場分                          ,電気,1,,,,,,,,,,,,
76098,120420,38,伸和電設株式会社                                ,三菱電機㈱　３Ａ工場分                          ,電気,1,,,,,,,,,,,,
76099,120420,38,伸和電設株式会社                                ,三菱電機㈱　４Ａ工場分                          ,電気,1,,,,,,,,,,,,
76100,120420,38,伸和電設株式会社                                ,三菱電機㈱　7工場分                             ,電気,1,,,,,,,,,,,,
76060,120420,45,株式会社アイワライフネット                      ,田中秀佳一戸建                                  ,防災,1,,,,,,,,,,,,
76061,120420,45,株式会社アイワライフネット                      ,グリーンマンションⅠ　202号                     ,防災,1,,,,,,,,,,,,
76076,120420,45,株式会社アイワライフネット                      ,グリーンマンションⅡ　303号                     ,防災,1,,,,,,,,,,,,
76146,120420,45,株式会社アイワライフネット                      ,グリーンフル堀井　消防設備保守点検              ,防災,1,,,,,,,,,,,,
76084,120420,48,有限会社レインボーシステムズ                    ,4月17日　エクロールプラザ                       ,電気,1,,,,,,,,,,,,
76101,120420,48,有限会社レインボーシステムズ                    ,4月18日　ワールドプラザ南海                     ,電気,1,,,,,,,,,,,,
76103,120420,48,有限会社レインボーシステムズ                    ,4月13日　エクロールプラザ                       ,電気,1,,,,,,,,,,,,
76109,120420,49,株式会社堀田組                                  ,三菱電機㈱冷熱システム製作所                    ,電気,1,,,,,,,,,,,,
76110,120420,49,株式会社堀田組                                  ,三菱電機㈱冷熱システム製作所                    ,電気,1,,,,,,,,,,,,
76112,120420,60,有限会社梶本無線商会                            ,ステーキ割烹　富士                              ,防災,1,,,,,,,,,,,,
76149,120420,60,有限会社梶本無線商会                            ,住友金属　講習代                                ,電気,1,,,,,,,,,,,,
76087,120420,146,和歌山ヤナセ株式会社                            ,消防設備保守点検に伴う修理                      ,防災,1,,,,,,,,,,,,
76104,120420,148,坂田電工                                        ,和歌山王子コンテナー㈱                          ,防災,1,,,,,,,,,,,,
76065,120420,152,有限会社いわでん                                ,有田市立保育所                                  ,防災,1,,,,,,,,,,,,
76068,120420,170,奥村電気設備                                    ,紀陽除虫菊                                      ,電気,1,,,,,,,,,,,,
76074,120420,173,有限会社赤土                                    ,三菱電機㈱冷熱ｼｽﾃﾑ製作所(第7工場危険物施        ,防災,1,,,,,,,,,,,,
76105,120420,191,アルプデンキ                                    ,山本病院様                                      ,防災,1,,,,,,,,,,,,
75991,120420,259,アサカワリフォーム株式会社                      ,パルビル１階テナント工事                        ,電気,1,,,,,,,,,,,,
76062,120420,261,穴蔵                                            ,消防設備点検（総合点検）                        ,防災,1,,,,,,,,,,,,
76070,120420,286,株式会社　東洋エンタープライズ                  ,きのくにアバローム様                            ,防災,1,,,,,,,,,,,,
76093,120420,301,株式会社　小池組                                ,ルミエール　デイサービスセンター新築工事        ,電気,1,,,,,,,,,,,,
76094,120420,301,株式会社　小池組                                ,ルミエール　デイサービスセンター新築工事        ,電気,1,,,,,,,,,,,,
76049,120420,374,平林電気工業所                                  ,タカショー倉庫追加工事                          ,防災,1,,,,,,,,,,,,
76066,120420,374,平林電気工業所                                  ,タカショー(テントハウス）                       ,防災,1,,,,,,,,,,,,
76159,120420,378,積和不動産関西株式会社                          ,消防設備保守点検                                ,防災,1,,,,,,,,,,,,
76072,120420,403,鈴木電機                                        ,愛光園様                                        ,電気,1,,,,,,,,,,,,
76095,120420,427,パナソニック株式会社                            ,シャルムポンテ重根                              ,防災,1,,,,,,,,,,,,
76081,120420,572,村本建設株式会社                                ,（仮称）四季の森なごみ新築工事　出来高          ,電気,1,,,,,,,,,,,,
76073,120420,579,ＴＫＬＣ株式会社                                ,有田市立港会館　消防設備点検後改修工事          ,防災,1,,,,,,,,,,,,
76108,120420,579,ＴＫＬＣ株式会社                                ,田鶴小学校　誤報調査費                          ,防災,1,,,,,,,,,,,,
76078,120420,592,社会福祉法人一会                                ,消防設備保守点検　（機器点検）                  ,防災,1,,,,,,,,,,,,
76107,120420,619,株式会社ハタノ設備                              ,三菱電機㈱　6工場分                             ,電気,1,,,,,,,,,,,,
76138,120420,620,上野山管工株式会社                              ,なでしこホーム　スプリンクラー設備              ,防災,1,,,,,,,,,,,,
76129,120419,15,泉州防災株式会社                                ,ＬＭ和歌山十番丁                                ,防災,1,,,,,,,,,,,,
76035,120417,506,中村                                            ,中村ﾏﾝｼｮﾝ　消防設備保守点検(今回のみ特値        ,防災,1,,,,,,,,,,,,
76047,120417,616,メディカルメイト株式会社                        ,南和歌山医療センター                            ,電気,1,,,,,,,,,,,,
76033,120416,140,有限会社三笠屋                                  ,ナビオミカサビル　点検後改修工事                ,防災,1,,,,,,,,,,,,
76034,120416,140,有限会社三笠屋                                  ,タムラビル　点検後改修工事                      ,防災,1,,,,,,,,,,,,
76027,120413,45,株式会社アイワライフネット                      ,プラザレヨン                                    ,防災,1,,,,,,,,,,,,
76025,120412,39,有限会社マイクリエイト                          ,京都ダイソージャパン                            ,電気,1,,,,,,,,,,,,
76020,120411,48,有限会社レインボーシステムズ                    ,4月11日　ワールドプラザ南海                     ,防災,1,,,,,,,,,,,,
76026,120411,48,有限会社レインボーシステムズ                    ,4月11日　エクロールプラザ                       ,防災,1,,,,,,,,,,,,
76041,120411,48,有限会社レインボーシステムズ                    ,4月11日　ダイアモンドプラザ                     ,防災,1,,,,,,,,,,,,
76017,120411,396,大和リビング株式会社　関西支店                  ,ソワサントゥヴァレ　消防設備保守点検            ,防災,1,,,,,,,,,,,,
76006,120409,53,紀北防災                                        ,加熱式試験器火口　BV9913                        ,防災,1,,,,,,,,,,,,
76008,120409,140,有限会社三笠屋                                  ,ナビオミカサビル　消防設備保守点検              ,防災,1,,,,,,,,,,,,
75999,120407,45,株式会社アイワライフネット                      ,グリーンフル井谷                                ,防災,1,,,,,,,,,,,,
76001,120407,45,株式会社アイワライフネット                      ,グリーンフル堀井　206号                         ,防災,1,,,,,,,,,,,,
76010,120407,45,株式会社アイワライフネット                      ,キューブＮ　住警器取付（機器共）                ,防災,1,,,,,,,,,,,,
75994,120406,48,有限会社レインボーシステムズ                    ,3月29日 エクロールプラザ　電球交換              ,電気,1,,,,,,,,,,,,
76043,120406,48,有限会社レインボーシステムズ                    ,4月6日　ボール球納品                            ,電気,1,,,,,,,,,,,,
75993,120406,62,リバーサイドマンション管理組合                  ,消防設備保守点検                                ,防災,1,,,,,,,,,,,,
76048,120406,613,ハウジング・テック株式会社                      ,COMMENTS　消防設備改修工事                      ,防災,1,,,,,,,,,,,,
76036,120405,48,有限会社レインボーシステムズ                    ,4月5日　エクロール・プラザ                      ,防災,1,,,,,,,,,,,,
76037,120405,48,有限会社レインボーシステムズ                    ,４月５日　ダイアモンド・プラザ                  ,防災,1,,,,,,,,,,,,
76038,120405,48,有限会社レインボーシステムズ                    ,4月5 　ワールドプラザ南海                       ,防災,1,,,,,,,,,,,,
76042,120405,48,有限会社レインボーシステムズ                    ,4月5日　パルビル                                ,防災,1,,,,,,,,,,,,
75998,120404,45,株式会社アイワライフネット                      ,メゾンゆみね　Ｃ棟　１２１号                    ,防災,1,,,,,,,,,,,,
76030,120404,547,株式会社ミヤザワ建設                            ,ロハス整骨院様                                  ,電気,1,,,,,,,,,,,,
75981,120331,133,大和計装株式会社                                ,三菱　３Ａ１４感知器工事                        ,防災,1,,,,,,,,,,,,
75980,120331,595, 株式会社LIXILニッタン　関西支社                ,大阪駅　改修工事                                ,防災,1,,,,,,,,,,,,
76163,120331,598,株式会社淺川組                                  ,紀の川工場（（株）紀山様）新築工場              ,電気,1,,,,,,,,,,,,
75974,120330,35,株式会社葵消防設備                              ,光電式感知器３種（ﾍﾞｰｽ共）ﾆｯﾀﾝ製                ,防災,1,,,,,,,,,,,,
75973,120330,207,株式会社LIXILニッタン和歌山営業所               ,安田生命火災通報システム取付                    ,防災,1,,,,,,,,,,,,
75979,120330,314,和歌山市長　大橋建一                            ,中央終末処理場消防設備点検                      ,防災,1,,,,,,,,,,,,
75996,120329,45,株式会社アイワライフネット                      ,アネシス・ヒロ　住警器取付（機器共）            ,防災,1,,,,,,,,,,,,
76051,120328,45,株式会社アイワライフネット                      ,カーサ　サンライズⅡ　106号                     ,防災,1,,,,,,,,,,,,
75969,120328,128,小川電機株式会社　御坊営業所                    ,ABC10型粉末消火器                               ,防災,1,,,,,,,,,,,,
75968,120328,610,株式会社　グラシアス                            ,ホテル２４　ｳｫｼｭﾚｯﾄ用ｺﾝｾﾝﾄ工事                  ,防災,1,,,,,,,,,,,,
75953,120327,434,株式会社　たけでん                              ,注番：DDE7945                                   ,防災,1,,,,,,,,,,,,
76056,120326,45,株式会社アイワライフネット                      ,グリーンマンションⅡ　302号                     ,防災,1,,,,,,,,,,,,
75917,120326,156,株式会社たけでん                                ,注番：DCY1546                                   ,防災,1,,,,,,,,,,,,
75919,120326,266,興紀防災設備                                    ,光電式ｽﾎﾟｯﾄ型煙感知器　2種（BV45488）           ,防災,1,,,,,,,,,,,,
75930,120325,15,泉州防災株式会社                                ,北野田駅前ビレッジ泉スプリンクラー設備          ,防災,1,,,,,,,,,,,,
75931,120325,15,泉州防災株式会社                                ,エルガ１階誤報対策工事                          ,防災,1,,,,,,,,,,,,
75932,120325,15,泉州防災株式会社                                ,アルザ１階パン屋撤去工事                        ,防災,1,,,,,,,,,,,,
75933,120325,15,泉州防災株式会社                                ,エルガ６階オリンパス                            ,防災,1,,,,,,,,,,,,
75934,120325,15,泉州防災株式会社                                ,座間追加分                                      ,防災,1,,,,,,,,,,,,
75936,120325,15,泉州防災株式会社                                ,JA和歌山　消防設備保守点検                      ,防災,1,,,,,,,,,,,,
75937,120325,15,泉州防災株式会社                                ,LM和歌山十番丁　204号室ハッチ取替               ,防災,1,,,,,,,,,,,,
75939,120325,15,泉州防災株式会社                                ,西神オリエンタルホテル工事                      ,防災,1,,,,,,,,,,,,
